-- Backup seguro para versionamento do Planax
-- Conteudo: Dom Pedro II somente, com 215 aulas completas
-- Usuarios, senhas, emails e vinculos de usuarios nao sao incluidos
-- Gerado em: 2026-04-28 23:54:04

SET FOREIGN_KEY_CHECKS=0;
SET SQL_MODE = "NO_AUTO_VALUE_ON_ZERO";
SET NAMES utf8mb4;

DROP TABLE IF EXISTS `aulas`;
DROP TABLE IF EXISTS `professores_cargas`;
DROP TABLE IF EXISTS `professores_turmas`;
DROP TABLE IF EXISTS `professores_disciplinas`;
DROP TABLE IF EXISTS `professores`;
DROP TABLE IF EXISTS `turmas`;
DROP TABLE IF EXISTS `disciplinas`;
DROP TABLE IF EXISTS `usuarios_escolas`;
DROP TABLE IF EXISTS `escolas`;
DROP TABLE IF EXISTS `usuarios`;

CREATE TABLE `usuarios` (
  `id` int NOT NULL AUTO_INCREMENT,
  `nome` varchar(255) NOT NULL,
  `email` varchar(255) NOT NULL,
  `senha_hash` varchar(255) NOT NULL,
  `role` varchar(30) NOT NULL DEFAULT 'funcionario',
  `email_verificado` tinyint(1) NOT NULL DEFAULT '0',
  `email_verificado_em` timestamp NULL DEFAULT NULL,
  `token_version` int NOT NULL DEFAULT '0',
  `tentativas_login_falhas` int NOT NULL DEFAULT '0',
  `bloqueado_ate` timestamp NULL DEFAULT NULL,
  `ultimo_login_em` timestamp NULL DEFAULT NULL,
  `criado_em` timestamp NOT NULL DEFAULT CURRENT_TIMESTAMP,
  PRIMARY KEY (`id`),
  UNIQUE KEY `email` (`email`)
) ENGINE=InnoDB AUTO_INCREMENT=10 DEFAULT CHARSET=utf8mb4 COLLATE=utf8mb4_0900_ai_ci;

CREATE TABLE `escolas` (
  `id` int NOT NULL AUTO_INCREMENT,
  `user_id` int DEFAULT NULL,
  `nome` varchar(255) NOT NULL,
  `criado_em` timestamp NOT NULL DEFAULT CURRENT_TIMESTAMP,
  PRIMARY KEY (`id`),
  UNIQUE KEY `uq_escolas_usuario_nome` (`user_id`,`nome`),
  KEY `idx_escolas_user_id` (`user_id`),
  CONSTRAINT `fk_escolas_usuario` FOREIGN KEY (`user_id`) REFERENCES `usuarios` (`id`) ON DELETE CASCADE
) ENGINE=InnoDB AUTO_INCREMENT=5 DEFAULT CHARSET=utf8mb4 COLLATE=utf8mb4_0900_ai_ci;

CREATE TABLE `usuarios_escolas` (
  `id` int NOT NULL AUTO_INCREMENT,
  `usuario_id` int NOT NULL,
  `escola_id` int NOT NULL,
  `criado_em` timestamp NOT NULL DEFAULT CURRENT_TIMESTAMP,
  PRIMARY KEY (`id`),
  UNIQUE KEY `uq_usuarios_escolas` (`usuario_id`,`escola_id`),
  KEY `fk_usuarios_escolas_escola` (`escola_id`),
  CONSTRAINT `fk_usuarios_escolas_escola` FOREIGN KEY (`escola_id`) REFERENCES `escolas` (`id`) ON DELETE CASCADE,
  CONSTRAINT `fk_usuarios_escolas_usuario` FOREIGN KEY (`usuario_id`) REFERENCES `usuarios` (`id`) ON DELETE CASCADE
) ENGINE=InnoDB AUTO_INCREMENT=41 DEFAULT CHARSET=utf8mb4 COLLATE=utf8mb4_0900_ai_ci;

CREATE TABLE `disciplinas` (
  `id` int NOT NULL AUTO_INCREMENT,
  `escola_id` int NOT NULL,
  `nome` varchar(255) NOT NULL,
  `cor` varchar(20) NOT NULL DEFAULT '#22c55e',
  PRIMARY KEY (`id`),
  KEY `fk_disciplinas_escola` (`escola_id`),
  CONSTRAINT `fk_disciplinas_escola` FOREIGN KEY (`escola_id`) REFERENCES `escolas` (`id`) ON DELETE CASCADE
) ENGINE=InnoDB AUTO_INCREMENT=42 DEFAULT CHARSET=utf8mb4 COLLATE=utf8mb4_0900_ai_ci;

CREATE TABLE `turmas` (
  `id` int NOT NULL AUTO_INCREMENT,
  `escola_id` int NOT NULL,
  `nome` varchar(255) NOT NULL,
  `aulas_por_dia` int NOT NULL DEFAULT '5',
  PRIMARY KEY (`id`),
  KEY `fk_turmas_escola` (`escola_id`),
  CONSTRAINT `fk_turmas_escola` FOREIGN KEY (`escola_id`) REFERENCES `escolas` (`id`) ON DELETE CASCADE
) ENGINE=InnoDB AUTO_INCREMENT=13 DEFAULT CHARSET=utf8mb4 COLLATE=utf8mb4_0900_ai_ci;

CREATE TABLE `professores` (
  `id` int NOT NULL AUTO_INCREMENT,
  `escola_id` int NOT NULL,
  `nome` varchar(255) NOT NULL,
  `disciplina_id` int NOT NULL,
  `max_aulas_semana` int NOT NULL DEFAULT '10',
  `dias_disponiveis` text NOT NULL,
  PRIMARY KEY (`id`),
  KEY `fk_professores_escola` (`escola_id`),
  KEY `fk_professores_disciplina` (`disciplina_id`),
  CONSTRAINT `fk_professores_disciplina` FOREIGN KEY (`disciplina_id`) REFERENCES `disciplinas` (`id`),
  CONSTRAINT `fk_professores_escola` FOREIGN KEY (`escola_id`) REFERENCES `escolas` (`id`) ON DELETE CASCADE
) ENGINE=InnoDB AUTO_INCREMENT=22 DEFAULT CHARSET=utf8mb4 COLLATE=utf8mb4_0900_ai_ci;

CREATE TABLE `professores_disciplinas` (
  `id` int NOT NULL AUTO_INCREMENT,
  `professor_id` int NOT NULL,
  `disciplina_id` int NOT NULL,
  `criado_em` timestamp NOT NULL DEFAULT CURRENT_TIMESTAMP,
  PRIMARY KEY (`id`),
  UNIQUE KEY `uq_professores_disciplinas` (`professor_id`,`disciplina_id`),
  KEY `fk_professores_disciplinas_disciplina` (`disciplina_id`),
  CONSTRAINT `fk_professores_disciplinas_disciplina` FOREIGN KEY (`disciplina_id`) REFERENCES `disciplinas` (`id`) ON DELETE CASCADE,
  CONSTRAINT `fk_professores_disciplinas_professor` FOREIGN KEY (`professor_id`) REFERENCES `professores` (`id`) ON DELETE CASCADE
) ENGINE=InnoDB AUTO_INCREMENT=273 DEFAULT CHARSET=utf8mb4 COLLATE=utf8mb4_0900_ai_ci;

CREATE TABLE `professores_turmas` (
  `id` int NOT NULL AUTO_INCREMENT,
  `professor_id` int NOT NULL,
  `turma_id` int NOT NULL,
  `criado_em` timestamp NOT NULL DEFAULT CURRENT_TIMESTAMP,
  PRIMARY KEY (`id`),
  UNIQUE KEY `uq_professores_turmas` (`professor_id`,`turma_id`),
  KEY `fk_professores_turmas_turma` (`turma_id`),
  CONSTRAINT `fk_professores_turmas_professor` FOREIGN KEY (`professor_id`) REFERENCES `professores` (`id`) ON DELETE CASCADE,
  CONSTRAINT `fk_professores_turmas_turma` FOREIGN KEY (`turma_id`) REFERENCES `turmas` (`id`) ON DELETE CASCADE
) ENGINE=InnoDB AUTO_INCREMENT=394 DEFAULT CHARSET=utf8mb4 COLLATE=utf8mb4_0900_ai_ci;

CREATE TABLE `professores_cargas` (
  `id` int NOT NULL AUTO_INCREMENT,
  `professor_id` int NOT NULL,
  `turma_id` int NOT NULL,
  `disciplina_id` int NOT NULL,
  `aulas_semana` int NOT NULL DEFAULT '1',
  `criado_em` timestamp NOT NULL DEFAULT CURRENT_TIMESTAMP,
  PRIMARY KEY (`id`),
  UNIQUE KEY `uq_professores_cargas` (`professor_id`,`turma_id`,`disciplina_id`),
  KEY `fk_professores_cargas_turma` (`turma_id`),
  KEY `fk_professores_cargas_disciplina` (`disciplina_id`),
  CONSTRAINT `fk_professores_cargas_disciplina` FOREIGN KEY (`disciplina_id`) REFERENCES `disciplinas` (`id`) ON DELETE CASCADE,
  CONSTRAINT `fk_professores_cargas_professor` FOREIGN KEY (`professor_id`) REFERENCES `professores` (`id`) ON DELETE CASCADE,
  CONSTRAINT `fk_professores_cargas_turma` FOREIGN KEY (`turma_id`) REFERENCES `turmas` (`id`) ON DELETE CASCADE
) ENGINE=InnoDB AUTO_INCREMENT=529 DEFAULT CHARSET=utf8mb4 COLLATE=utf8mb4_0900_ai_ci;

CREATE TABLE `aulas` (
  `id` int NOT NULL AUTO_INCREMENT,
  `escola_id` int NOT NULL,
  `turma_id` int NOT NULL,
  `professor_id` int NOT NULL,
  `disciplina_id` int NOT NULL,
  `dia` varchar(20) NOT NULL,
  `periodo` int NOT NULL,
  PRIMARY KEY (`id`),
  UNIQUE KEY `uq_aulas_turma_slot` (`turma_id`,`dia`,`periodo`),
  UNIQUE KEY `uq_aulas_professor_slot` (`professor_id`,`dia`,`periodo`),
  KEY `fk_aulas_escola` (`escola_id`),
  KEY `fk_aulas_disciplina` (`disciplina_id`),
  CONSTRAINT `fk_aulas_disciplina` FOREIGN KEY (`disciplina_id`) REFERENCES `disciplinas` (`id`) ON DELETE CASCADE,
  CONSTRAINT `fk_aulas_escola` FOREIGN KEY (`escola_id`) REFERENCES `escolas` (`id`) ON DELETE CASCADE,
  CONSTRAINT `fk_aulas_professor` FOREIGN KEY (`professor_id`) REFERENCES `professores` (`id`) ON DELETE CASCADE,
  CONSTRAINT `fk_aulas_turma` FOREIGN KEY (`turma_id`) REFERENCES `turmas` (`id`) ON DELETE CASCADE
) ENGINE=InnoDB AUTO_INCREMENT=4927 DEFAULT CHARSET=utf8mb4 COLLATE=utf8mb4_0900_ai_ci;

INSERT INTO `escolas` (`id`,`user_id`,`nome`,`criado_em`) VALUES
(4,NULL,'Dom Pedro II','2026-04-27 21:18:26');

INSERT INTO `disciplinas` (`id`,`escola_id`,`nome`,`cor`) VALUES
(9,4,'Física','#22c55e'),
(10,4,'Matemática','#3b82f6'),
(11,4,'Português','#a855f7'),
(12,4,'Biologia','#f97316'),
(13,4,'Filosofia','#ef4444'),
(14,4,'História','#eab308'),
(15,4,'Inglês','#ec4899'),
(16,4,'Sociologia','#06b6d4'),
(17,4,'Geografia','#84cc16'),
(18,4,'Química','#6366f1'),
(19,4,'Educação Física','#7d0000'),
(20,4,'POO','#2e46ff'),
(21,4,'LLP','#362bff'),
(22,4,'HD','#3b29ff'),
(23,4,'PW','#2a26ff'),
(24,4,'FA','#3429ff'),
(25,4,'FMT','#3430ff'),
(26,4,'PI','#3c36ff'),
(27,4,'LE','#3936ff'),
(28,4,'ENEM','#22c55e'),
(29,4,'GP','#3d2bff'),
(30,4,'ME','#3d33ff'),
(31,4,'AS','#4930ff'),
(32,4,'Artes','#06b6d4'),
(33,4,'BD','#4a3dff'),
(34,4,'FF','#ec4899'),
(35,4,'LA','#ec4899'),
(36,4,'MA','#eab308'),
(37,4,'AUD','#3b82f6'),
(38,4,'EMP','#22c55e'),
(39,4,'PC','#3b82f6'),
(40,4,'RE','#3b82f6'),
(41,4,'FIC','#06b6d4');

INSERT INTO `turmas` (`id`,`escola_id`,`nome`,`aulas_por_dia`) VALUES
(5,4,'1 AD',6),
(6,4,'2 ATI',6),
(7,4,'3 ATI',6),
(8,4,'1 A',5),
(9,4,'2 A',5),
(10,4,'2 B',5),
(11,4,'3 A',5),
(12,4,'3 B',5);

INSERT INTO `professores` (`id`,`escola_id`,`nome`,`disciplina_id`,`max_aulas_semana`,`dias_disponiveis`) VALUES
(5,4,'JOSE',9,16,'Segunda,Terça,Quarta,Quinta,Sexta'),
(6,4,'JULIANA',12,23,'Segunda,Terça,Quarta,Quinta,Sexta'),
(7,4,'RENATO',13,12,'Segunda,Terça,Quarta,Quinta,Sexta'),
(8,4,'LUCIENE',12,3,'Segunda,Terça,Quarta,Quinta,Sexta'),
(9,4,'GEOVANE',17,16,'Segunda,Terça,Quarta,Quinta,Sexta'),
(10,4,'GUILHERME',20,26,'Segunda,Terça,Quarta,Quinta,Sexta'),
(11,4,'GEISSIANY',11,8,'Segunda,Terça,Quarta,Quinta,Sexta'),
(12,4,'KENIA',10,24,'Segunda,Terça,Quarta,Quinta,Sexta'),
(13,4,'RAQUEL',15,12,'Segunda,Terça,Quarta,Quinta,Sexta'),
(14,4,'LUANA',19,6,'Segunda,Terça,Quarta,Quinta,Sexta'),
(15,4,'MARLUS',14,18,'Segunda,Terça,Quarta,Quinta,Sexta'),
(16,4,'ROGERIO',32,6,'Segunda,Terça,Quarta,Quinta,Sexta'),
(17,4,'ANALICE',11,24,'Segunda,Terça,Quarta,Quinta,Sexta'),
(18,4,'CLÁUDIO',10,11,'Segunda,Terça,Quarta,Quinta,Sexta'),
(19,4,'DIVINO',36,1,'Segunda,Terça,Quarta,Quinta,Sexta'),
(20,4,'ELICA',11,7,'Segunda,Terça,Quarta,Quinta,Sexta'),
(21,4,'ISMÊNIA',15,2,'Segunda,Terça,Quarta,Quinta,Sexta');

INSERT INTO `professores_disciplinas` (`id`,`professor_id`,`disciplina_id`,`criado_em`) VALUES
(95,19,36,'2026-04-27 23:25:57'),
(141,21,15,'2026-04-27 23:31:09'),
(174,11,11,'2026-04-27 23:44:22'),
(175,11,12,'2026-04-27 23:44:22'),
(197,7,13,'2026-04-27 23:50:47'),
(198,7,16,'2026-04-27 23:50:47'),
(201,18,10,'2026-04-27 23:51:13'),
(202,5,9,'2026-04-27 23:51:28'),
(203,17,11,'2026-04-27 23:51:39'),
(210,9,17,'2026-04-27 23:53:07'),
(211,16,32,'2026-04-27 23:53:43'),
(234,20,11,'2026-04-28 22:18:37'),
(235,20,41,'2026-04-28 22:18:37'),
(236,10,20,'2026-04-28 22:24:58'),
(237,10,21,'2026-04-28 22:24:58'),
(238,10,22,'2026-04-28 22:24:58'),
(239,10,23,'2026-04-28 22:24:58'),
(240,10,24,'2026-04-28 22:24:58'),
(241,10,25,'2026-04-28 22:24:58'),
(242,10,26,'2026-04-28 22:24:58'),
(243,10,27,'2026-04-28 22:24:58'),
(244,10,29,'2026-04-28 22:24:58'),
(245,10,30,'2026-04-28 22:24:58'),
(246,10,31,'2026-04-28 22:24:58'),
(247,10,33,'2026-04-28 22:24:58'),
(248,10,37,'2026-04-28 22:24:58'),
(249,10,39,'2026-04-28 22:24:58'),
(250,10,40,'2026-04-28 22:24:58'),
(251,6,12,'2026-04-28 22:27:54'),
(252,6,18,'2026-04-28 22:27:54'),
(253,12,10,'2026-04-28 22:32:25'),
(254,12,28,'2026-04-28 22:32:25'),
(255,12,34,'2026-04-28 22:32:25'),
(256,12,35,'2026-04-28 22:32:25'),
(257,12,40,'2026-04-28 22:32:25'),
(258,12,41,'2026-04-28 22:32:25'),
(259,14,19,'2026-04-28 22:33:12'),
(260,8,12,'2026-04-28 22:33:47'),
(261,15,14,'2026-04-28 22:35:42'),
(262,15,36,'2026-04-28 22:35:42'),
(263,15,38,'2026-04-28 22:35:42'),
(264,13,15,'2026-04-28 22:36:54');

INSERT INTO `professores_turmas` (`id`,`professor_id`,`turma_id`,`criado_em`) VALUES
(86,19,7,'2026-04-27 23:25:57'),
(117,21,8,'2026-04-27 23:31:09'),
(188,11,5,'2026-04-27 23:44:22'),
(189,11,9,'2026-04-27 23:44:22'),
(190,11,10,'2026-04-27 23:44:22'),
(273,7,5,'2026-04-27 23:50:47'),
(274,7,8,'2026-04-27 23:50:47'),
(275,7,9,'2026-04-27 23:50:47'),
(276,7,10,'2026-04-27 23:50:47'),
(277,7,11,'2026-04-27 23:50:47'),
(278,7,12,'2026-04-27 23:50:47'),
(287,18,7,'2026-04-27 23:51:13'),
(288,18,11,'2026-04-27 23:51:13'),
(289,18,12,'2026-04-27 23:51:13'),
(290,5,5,'2026-04-27 23:51:28'),
(291,5,6,'2026-04-27 23:51:28'),
(292,5,7,'2026-04-27 23:51:28'),
(293,5,8,'2026-04-27 23:51:28'),
(294,5,9,'2026-04-27 23:51:28'),
(295,5,10,'2026-04-27 23:51:28'),
(296,5,11,'2026-04-27 23:51:28'),
(297,5,12,'2026-04-27 23:51:28'),
(298,17,6,'2026-04-27 23:51:39'),
(299,17,7,'2026-04-27 23:51:39'),
(300,17,9,'2026-04-27 23:51:39'),
(301,17,10,'2026-04-27 23:51:39'),
(302,17,11,'2026-04-27 23:51:39'),
(303,17,12,'2026-04-27 23:51:39'),
(317,9,5,'2026-04-27 23:53:07'),
(318,9,6,'2026-04-27 23:53:07'),
(319,9,7,'2026-04-27 23:53:07'),
(320,9,8,'2026-04-27 23:53:07'),
(321,9,9,'2026-04-27 23:53:07'),
(322,9,10,'2026-04-27 23:53:07'),
(323,9,11,'2026-04-27 23:53:07'),
(324,9,12,'2026-04-27 23:53:07'),
(325,16,5,'2026-04-27 23:53:43'),
(326,16,8,'2026-04-27 23:53:43'),
(327,16,9,'2026-04-27 23:53:43'),
(328,16,10,'2026-04-27 23:53:43'),
(329,16,11,'2026-04-27 23:53:43'),
(330,16,12,'2026-04-27 23:53:43'),
(350,20,8,'2026-04-28 22:18:37'),
(351,20,9,'2026-04-28 22:18:37'),
(352,20,10,'2026-04-28 22:18:37'),
(353,20,11,'2026-04-28 22:18:37'),
(354,10,5,'2026-04-28 22:24:58'),
(355,10,6,'2026-04-28 22:24:58'),
(356,10,7,'2026-04-28 22:24:58'),
(357,6,5,'2026-04-28 22:27:54'),
(358,6,6,'2026-04-28 22:27:54'),
(359,6,7,'2026-04-28 22:27:54'),
(360,6,8,'2026-04-28 22:27:54'),
(361,6,9,'2026-04-28 22:27:54'),
(362,6,10,'2026-04-28 22:27:54'),
(363,6,11,'2026-04-28 22:27:54'),
(364,6,12,'2026-04-28 22:27:54'),
(365,12,5,'2026-04-28 22:32:25'),
(366,12,6,'2026-04-28 22:32:25'),
(367,12,8,'2026-04-28 22:32:25'),
(368,12,9,'2026-04-28 22:32:25'),
(369,12,10,'2026-04-28 22:32:25'),
(370,12,12,'2026-04-28 22:32:25'),
(371,14,5,'2026-04-28 22:33:12'),
(372,14,8,'2026-04-28 22:33:12'),
(373,14,9,'2026-04-28 22:33:12'),
(374,14,10,'2026-04-28 22:33:12'),
(375,14,11,'2026-04-28 22:33:12'),
(376,14,12,'2026-04-28 22:33:12'),
(377,8,5,'2026-04-28 22:33:47'),
(378,8,6,'2026-04-28 22:33:47'),
(379,15,5,'2026-04-28 22:35:42'),
(380,15,6,'2026-04-28 22:35:42'),
(381,15,7,'2026-04-28 22:35:42'),
(382,15,8,'2026-04-28 22:35:42'),
(383,15,9,'2026-04-28 22:35:42'),
(384,15,10,'2026-04-28 22:35:42'),
(385,15,11,'2026-04-28 22:35:42'),
(386,15,12,'2026-04-28 22:35:42'),
(387,13,5,'2026-04-28 22:36:54'),
(388,13,6,'2026-04-28 22:36:54'),
(389,13,7,'2026-04-28 22:36:54'),
(390,13,9,'2026-04-28 22:36:54'),
(391,13,10,'2026-04-28 22:36:54'),
(392,13,11,'2026-04-28 22:36:54'),
(393,13,12,'2026-04-28 22:36:54');

INSERT INTO `professores_cargas` (`id`,`professor_id`,`turma_id`,`disciplina_id`,`aulas_semana`,`criado_em`) VALUES
(106,19,7,36,1,'2026-04-27 23:25:57'),
(174,21,8,15,2,'2026-04-27 23:31:09'),
(264,11,5,11,4,'2026-04-27 23:44:22'),
(265,11,9,12,2,'2026-04-27 23:44:22'),
(266,11,10,12,2,'2026-04-27 23:44:22'),
(361,7,8,13,1,'2026-04-27 23:50:47'),
(362,7,8,16,1,'2026-04-27 23:50:47'),
(363,7,5,13,1,'2026-04-27 23:50:47'),
(364,7,5,16,1,'2026-04-27 23:50:47'),
(365,7,9,13,1,'2026-04-27 23:50:47'),
(366,7,9,16,1,'2026-04-27 23:50:47'),
(367,7,10,13,1,'2026-04-27 23:50:47'),
(368,7,10,16,1,'2026-04-27 23:50:47'),
(369,7,11,13,1,'2026-04-27 23:50:47'),
(370,7,11,16,1,'2026-04-27 23:50:47'),
(371,7,12,13,1,'2026-04-27 23:50:47'),
(372,7,12,16,1,'2026-04-27 23:50:47'),
(385,18,11,10,4,'2026-04-27 23:51:13'),
(386,18,7,10,3,'2026-04-27 23:51:13'),
(387,18,12,10,4,'2026-04-27 23:51:13'),
(388,5,8,9,2,'2026-04-27 23:51:28'),
(389,5,5,9,2,'2026-04-27 23:51:28'),
(390,5,9,9,2,'2026-04-27 23:51:28'),
(391,5,6,9,2,'2026-04-27 23:51:28'),
(392,5,10,9,2,'2026-04-27 23:51:28'),
(393,5,11,9,2,'2026-04-27 23:51:28'),
(394,5,7,9,2,'2026-04-27 23:51:28'),
(395,5,12,9,2,'2026-04-27 23:51:28'),
(396,17,9,11,4,'2026-04-27 23:51:39'),
(397,17,6,11,4,'2026-04-27 23:51:39'),
(398,17,10,11,4,'2026-04-27 23:51:39'),
(399,17,11,11,4,'2026-04-27 23:51:39'),
(400,17,7,11,4,'2026-04-27 23:51:39'),
(401,17,12,11,4,'2026-04-27 23:51:40'),
(418,9,8,17,2,'2026-04-27 23:53:07'),
(419,9,5,17,2,'2026-04-27 23:53:07'),
(420,9,9,17,2,'2026-04-27 23:53:07'),
(421,9,6,17,2,'2026-04-27 23:53:07'),
(422,9,10,17,2,'2026-04-27 23:53:07'),
(423,9,11,17,2,'2026-04-27 23:53:07'),
(424,9,7,17,2,'2026-04-27 23:53:07'),
(425,9,12,17,2,'2026-04-27 23:53:07'),
(426,16,8,32,1,'2026-04-27 23:53:43'),
(427,16,5,32,1,'2026-04-27 23:53:43'),
(428,16,9,32,1,'2026-04-27 23:53:43'),
(429,16,10,32,1,'2026-04-27 23:53:43'),
(430,16,11,32,1,'2026-04-27 23:53:43'),
(431,16,12,32,1,'2026-04-27 23:53:43'),
(462,20,8,11,4,'2026-04-28 22:18:37'),
(463,20,9,41,1,'2026-04-28 22:18:37'),
(464,20,10,41,1,'2026-04-28 22:18:37'),
(465,20,11,41,1,'2026-04-28 22:18:37'),
(466,10,5,24,2,'2026-04-28 22:24:58'),
(467,10,5,25,1,'2026-04-28 22:24:58'),
(468,10,5,29,1,'2026-04-28 22:24:58'),
(469,10,5,27,1,'2026-04-28 22:24:58'),
(470,10,5,30,1,'2026-04-28 22:24:58'),
(471,10,5,26,1,'2026-04-28 22:24:58'),
(472,10,6,33,2,'2026-04-28 22:24:58'),
(473,10,6,22,1,'2026-04-28 22:24:58'),
(474,10,6,21,2,'2026-04-28 22:24:58'),
(475,10,6,20,2,'2026-04-28 22:24:58'),
(476,10,6,23,2,'2026-04-28 22:24:58'),
(477,10,7,31,2,'2026-04-28 22:24:58'),
(478,10,7,37,2,'2026-04-28 22:24:58'),
(479,10,7,39,3,'2026-04-28 22:24:58'),
(480,10,7,20,1,'2026-04-28 22:24:58'),
(481,10,7,40,2,'2026-04-28 22:24:58'),
(482,6,8,12,2,'2026-04-28 22:27:54'),
(483,6,8,18,2,'2026-04-28 22:27:54'),
(484,6,5,18,2,'2026-04-28 22:27:54'),
(485,6,9,18,2,'2026-04-28 22:27:54'),
(486,6,6,18,2,'2026-04-28 22:27:54'),
(487,6,10,18,2,'2026-04-28 22:27:54'),
(488,6,11,12,2,'2026-04-28 22:27:54'),
(489,6,11,18,2,'2026-04-28 22:27:54'),
(490,6,7,12,1,'2026-04-28 22:27:54'),
(491,6,7,18,2,'2026-04-28 22:27:54'),
(492,6,12,12,2,'2026-04-28 22:27:54'),
(493,6,12,18,2,'2026-04-28 22:27:54'),
(494,12,8,28,1,'2026-04-28 22:32:25'),
(495,12,8,10,4,'2026-04-28 22:32:25'),
(496,12,5,10,3,'2026-04-28 22:32:25'),
(497,12,5,40,1,'2026-04-28 22:32:25'),
(498,12,9,10,4,'2026-04-28 22:32:25'),
(499,12,6,34,2,'2026-04-28 22:32:25'),
(500,12,6,35,1,'2026-04-28 22:32:25'),
(501,12,6,10,3,'2026-04-28 22:32:25'),
(502,12,10,10,4,'2026-04-28 22:32:25'),
(503,12,12,41,1,'2026-04-28 22:32:25'),
(504,14,8,19,1,'2026-04-28 22:33:12'),
(505,14,5,19,1,'2026-04-28 22:33:12'),
(506,14,9,19,1,'2026-04-28 22:33:12'),
(507,14,10,19,1,'2026-04-28 22:33:12'),
(508,14,11,19,1,'2026-04-28 22:33:12'),
(509,14,12,19,1,'2026-04-28 22:33:12'),
(510,8,5,12,2,'2026-04-28 22:33:47'),
(511,8,6,12,1,'2026-04-28 22:33:47'),
(512,15,8,14,2,'2026-04-28 22:35:42'),
(513,15,5,14,2,'2026-04-28 22:35:42'),
(514,15,9,14,2,'2026-04-28 22:35:42'),
(515,15,6,14,2,'2026-04-28 22:35:42'),
(516,15,6,36,1,'2026-04-28 22:35:42'),
(517,15,10,14,2,'2026-04-28 22:35:42'),
(518,15,11,14,2,'2026-04-28 22:35:42'),
(519,15,7,38,1,'2026-04-28 22:35:42'),
(520,15,7,14,2,'2026-04-28 22:35:42'),
(521,15,12,14,2,'2026-04-28 22:35:42'),
(522,13,5,15,1,'2026-04-28 22:36:54'),
(523,13,9,15,2,'2026-04-28 22:36:54'),
(524,13,6,15,1,'2026-04-28 22:36:54'),
(525,13,10,15,2,'2026-04-28 22:36:54'),
(526,13,11,15,2,'2026-04-28 22:36:54'),
(527,13,7,15,2,'2026-04-28 22:36:54'),
(528,13,12,15,2,'2026-04-28 22:36:54');

INSERT INTO `aulas` (`id`,`escola_id`,`turma_id`,`professor_id`,`disciplina_id`,`dia`,`periodo`) VALUES
(4712,4,8,12,10,'Sexta',5),
(4713,4,8,12,10,'Terça',1),
(4714,4,8,12,10,'Quarta',1),
(4715,4,8,12,10,'Quinta',3),
(4716,4,8,12,28,'Segunda',3),
(4717,4,8,6,12,'Sexta',4),
(4718,4,8,6,12,'Sexta',1),
(4719,4,8,6,18,'Terça',2),
(4720,4,8,6,18,'Quarta',3),
(4721,4,8,15,14,'Quinta',1),
(4722,4,8,15,14,'Quinta',2),
(4723,4,8,9,17,'Segunda',2),
(4724,4,8,9,17,'Sexta',2),
(4725,4,8,5,9,'Quarta',5),
(4726,4,8,5,9,'Sexta',3),
(4727,4,8,7,13,'Quarta',4),
(4728,4,8,7,16,'Terça',4),
(4729,4,8,20,11,'Quinta',5),
(4730,4,8,20,11,'Terça',5),
(4731,4,8,20,11,'Segunda',1),
(4732,4,8,20,11,'Terça',3),
(4733,4,8,16,32,'Quinta',4),
(4734,4,8,14,19,'Segunda',4),
(4735,4,8,21,15,'Segunda',5),
(4736,4,8,21,15,'Quarta',2),
(4737,4,5,10,24,'Terça',4),
(4738,4,5,10,24,'Quinta',5),
(4739,4,5,10,25,'Sexta',3),
(4740,4,5,10,27,'Quinta',2),
(4741,4,5,10,30,'Segunda',3),
(4742,4,5,10,26,'Quinta',6),
(4743,4,5,10,29,'Quarta',4),
(4744,4,5,12,10,'Terça',5),
(4745,4,5,12,10,'Terça',6),
(4746,4,5,12,10,'Quarta',5),
(4747,4,5,12,40,'Terça',3),
(4748,4,5,6,18,'Segunda',2),
(4749,4,5,6,18,'Quinta',1),
(4750,4,5,15,14,'Quarta',6),
(4751,4,5,15,14,'Quinta',4),
(4752,4,5,9,17,'Segunda',6),
(4753,4,5,9,17,'Segunda',5),
(4754,4,5,5,9,'Quinta',3),
(4755,4,5,5,9,'Sexta',1),
(4756,4,5,7,13,'Quarta',2),
(4757,4,5,13,15,'Quarta',3),
(4758,4,5,7,16,'Sexta',4),
(4759,4,5,11,11,'Sexta',6),
(4760,4,5,11,11,'Terça',2),
(4761,4,5,11,11,'Sexta',2),
(4762,4,5,11,11,'Terça',1),
(4763,4,5,16,32,'Segunda',4),
(4764,4,5,14,19,'Quarta',1),
(4765,4,5,8,12,'Segunda',1),
(4766,4,5,8,12,'Sexta',5),
(4767,4,9,12,10,'Quinta',5),
(4768,4,9,12,10,'Segunda',2),
(4769,4,9,12,10,'Sexta',2),
(4770,4,9,12,10,'Quarta',4),
(4771,4,9,17,11,'Terça',5),
(4772,4,9,17,11,'Sexta',3),
(4773,4,9,17,11,'Quarta',5),
(4774,4,9,17,11,'Quinta',2),
(4775,4,9,6,18,'Terça',3),
(4776,4,9,6,18,'Segunda',4),
(4777,4,9,15,14,'Quinta',3),
(4778,4,9,15,14,'Segunda',1),
(4779,4,9,5,9,'Segunda',5),
(4780,4,9,5,9,'Segunda',3),
(4781,4,9,9,17,'Quarta',1),
(4782,4,9,9,17,'Terça',4),
(4783,4,9,13,15,'Sexta',1),
(4784,4,9,13,15,'Quinta',4),
(4785,4,9,7,16,'Terça',2),
(4786,4,9,7,13,'Quarta',3),
(4787,4,9,11,12,'Sexta',4),
(4788,4,9,11,12,'Sexta',5),
(4789,4,9,20,41,'Terça',1),
(4790,4,9,16,32,'Quinta',1),
(4791,4,9,14,19,'Quarta',2),
(4792,4,6,10,33,'Segunda',6),
(4793,4,6,10,33,'Terça',1),
(4794,4,6,10,20,'Sexta',6),
(4795,4,6,10,20,'Sexta',2),
(4796,4,6,10,23,'Terça',3),
(4797,4,6,10,23,'Quarta',6),
(4798,4,6,10,21,'Quarta',5),
(4799,4,6,10,21,'Sexta',4),
(4800,4,6,10,22,'Terça',2),
(4801,4,6,17,11,'Segunda',5),
(4802,4,6,17,11,'Sexta',1),
(4803,4,6,17,11,'Quarta',4),
(4804,4,6,17,11,'Quinta',1),
(4805,4,6,12,10,'Terça',4),
(4806,4,6,12,10,'Segunda',4),
(4807,4,6,12,10,'Quinta',4),
(4808,4,6,12,34,'Quarta',2),
(4809,4,6,12,34,'Quinta',6),
(4810,4,6,12,35,'Sexta',3),
(4811,4,6,6,18,'Quinta',2),
(4812,4,6,6,18,'Terça',6),
(4813,4,6,15,14,'Sexta',5),
(4814,4,6,15,14,'Terça',5),
(4815,4,6,15,36,'Quarta',1),
(4816,4,6,5,9,'Segunda',1),
(4817,4,6,5,9,'Quarta',3),
(4818,4,6,9,17,'Quinta',5),
(4819,4,6,9,17,'Segunda',3),
(4820,4,6,13,15,'Segunda',2),
(4821,4,6,8,12,'Quinta',3),
(4822,4,10,12,10,'Terça',2),
(4823,4,10,12,10,'Quarta',3),
(4824,4,10,12,10,'Quinta',2),
(4825,4,10,12,10,'Sexta',1),
(4826,4,10,17,11,'Segunda',1),
(4827,4,10,17,11,'Terça',4),
(4828,4,10,17,11,'Sexta',5),
(4829,4,10,17,11,'Segunda',3),
(4830,4,10,6,18,'Terça',5),
(4831,4,10,6,18,'Sexta',3),
(4832,4,10,15,14,'Quarta',2),
(4833,4,10,15,14,'Segunda',2),
(4834,4,10,9,17,'Quinta',3),
(4835,4,10,9,17,'Segunda',4),
(4836,4,10,5,9,'Sexta',4),
(4837,4,10,5,9,'Quarta',4),
(4838,4,10,13,15,'Quarta',1),
(4839,4,10,13,15,'Segunda',5),
(4840,4,10,7,16,'Sexta',2),
(4841,4,10,7,13,'Quarta',5),
(4842,4,10,11,12,'Terça',3),
(4843,4,10,11,12,'Quinta',5),
(4844,4,10,20,41,'Quinta',1),
(4845,4,10,16,32,'Terça',1),
(4846,4,10,14,19,'Quinta',4),
(4847,4,11,17,11,'Sexta',2),
(4848,4,11,17,11,'Quinta',3),
(4849,4,11,17,11,'Segunda',2),
(4850,4,11,17,11,'Quarta',1),
(4851,4,11,6,18,'Quarta',4),
(4852,4,11,6,18,'Segunda',1),
(4853,4,11,6,12,'Segunda',3),
(4854,4,11,6,12,'Terça',4),
(4855,4,11,15,14,'Terça',2),
(4856,4,11,15,14,'Terça',3),
(4857,4,11,9,17,'Terça',5),
(4858,4,11,9,17,'Quinta',4),
(4859,4,11,5,9,'Quinta',1),
(4860,4,11,5,9,'Terça',1),
(4861,4,11,13,15,'Quarta',5),
(4862,4,11,13,15,'Quinta',5),
(4863,4,11,7,16,'Segunda',4),
(4864,4,11,7,13,'Segunda',5),
(4865,4,11,18,10,'Quarta',2),
(4866,4,11,18,10,'Quarta',3),
(4867,4,11,18,10,'Sexta',4),
(4868,4,11,18,10,'Sexta',5),
(4869,4,11,20,41,'Sexta',1),
(4870,4,11,14,19,'Sexta',3),
(4871,4,11,16,32,'Quinta',2),
(4872,4,7,10,39,'Terça',6),
(4873,4,7,10,39,'Terça',5),
(4874,4,7,10,39,'Segunda',4),
(4875,4,7,10,37,'Quarta',2),
(4876,4,7,10,37,'Segunda',5),
(4877,4,7,10,40,'Quarta',3),
(4878,4,7,10,40,'Quinta',4),
(4879,4,7,10,31,'Sexta',5),
(4880,4,7,10,31,'Quinta',3),
(4881,4,7,10,20,'Sexta',1),
(4882,4,7,17,11,'Terça',2),
(4883,4,7,17,11,'Quinta',5),
(4884,4,7,17,11,'Quarta',6),
(4885,4,7,17,11,'Sexta',4),
(4886,4,7,6,18,'Segunda',6),
(4887,4,7,6,18,'Terça',1),
(4888,4,7,6,12,'Quinta',6),
(4889,4,7,15,14,'Quarta',5),
(4890,4,7,15,14,'Sexta',6),
(4891,4,7,15,38,'Quarta',4),
(4892,4,7,5,9,'Quarta',1),
(4893,4,7,5,9,'Quinta',2),
(4894,4,7,9,17,'Segunda',1),
(4895,4,7,9,17,'Sexta',3),
(4896,4,7,13,15,'Segunda',3),
(4897,4,7,13,15,'Quinta',1),
(4898,4,7,18,10,'Terça',3),
(4899,4,7,18,10,'Terça',4),
(4900,4,7,18,10,'Segunda',2),
(4901,4,7,19,36,'Sexta',2),
(4902,4,12,17,11,'Segunda',4),
(4903,4,12,17,11,'Terça',1),
(4904,4,12,17,11,'Quarta',3),
(4905,4,12,17,11,'Quinta',4),
(4906,4,12,12,41,'Sexta',4),
(4907,4,12,6,12,'Sexta',2),
(4908,4,12,6,12,'Quarta',1),
(4909,4,12,6,18,'Segunda',5),
(4910,4,12,6,18,'Quarta',5),
(4911,4,12,15,14,'Sexta',3),
(4912,4,12,15,14,'Sexta',1),
(4913,4,12,5,9,'Quarta',2),
(4914,4,12,5,9,'Terça',3),
(4915,4,12,9,17,'Quinta',2),
(4916,4,12,9,17,'Quinta',1),
(4917,4,12,13,15,'Sexta',5),
(4918,4,12,13,15,'Terça',4),
(4919,4,12,7,16,'Segunda',1),
(4920,4,12,7,13,'Segunda',2),
(4921,4,12,18,10,'Segunda',3),
(4922,4,12,18,10,'Terça',5),
(4923,4,12,18,10,'Terça',2),
(4924,4,12,18,10,'Quarta',4),
(4925,4,12,16,32,'Quinta',5),
(4926,4,12,14,19,'Quinta',3);

SET FOREIGN_KEY_CHECKS=1;
